Language,Speaker tier,Count,Lemma,English lemma,Clarifier,POS,Gender,Number,Tense,Notes,Occurring in files …
,,,,,,,,,,,
,,,,,,,,,,,
cym,achan,44,achan,mate,,N,M,S,,"in new GPC (""->bachgen"")","davies4,davies6,fusser11,fusser12,fusser9,robert8"
cym,achau,5,ach,lineage,ancestry,N,F,P,,"or lemmau ""achau"" with gloss ""ages""?","davies1,fusser23,fusser6,roberts4"
cym,actol,1,actol,dramatic,,ADJ,,,,,fusser23
cym,adduniad,1,aduniad,reunion,,N,M,S,,mispronounced,roberts4
cym,adeiladwyr,7,adeiladwr,builder,,N,M,P,,,fusser5
cym,adferteisio,5,adferteisio,advertise,,V,,,INFIN,GPC,"fusser21,fusser25,robert5,robert7"
cym,adnabodais,1,adnabod,recognise,,V,,S,PAST,1S,robert8
cym,aduniad,4,aduniad,reunion,,N,M,S,,,"fusser23,stammers1"
cym,aeliau,2,ael,eyebrow,,N,F,P,,,fusser12
cym,aetha,2,,,,,,,,"changed to ""aetha"" (one instance only)",roberts3
cym,aethai,2,mynd,go,,V,,S,IMPERF/COND,3S,roberts3
cym,aethan,1,mynd,go,,V,,P,PAST,3P,fusser28
cym,affliw,1,,particle,,N,M,S,,GPC,fusser9
cym,afiach,23,,unhealthy,,ADJ,,,,,"davies12,davies2,davies7,davies9,fusser27,fusser29,fusser30,fusser5,robert3,robert4"
cym,ailagor,3,ailagor,reopen,,V,,,INFIN,GPC,"davies14,fusser23,stammers9"
cym,ail_agor,1,,,,,,,,"changed to ""ailagor""",fusser23
cym,ail_blastro,1,,,,,,,,"changed to ""ailblastro""",stammers6
cym,ailblastro,1,ailblastro,replaster,,V,,,INFIN,"in GyA as ""ailblastro""",stammers6
cym,ailbobi,1,ailbobi,rehash,,V,,,INFIN,GPC,robert4
cym,ailbrynu,1,ailbrynu,buy_again,,V,,,INFIN,GPC,fusser3
cym,aildwymo,1,aildwymo,reheat,,V,,,INFIN,GPC,robert1
,,,,,,,,,,,
cym,ailhysbysebu,1,,,,,,,,"changed to ""ail_hysbysebu"" as dictionaries don't have it as one word",stammers6
cym,ail_hysbysebu,1,ail_hysbysebu,re-advertise,,V,,,INFIN,,stammers6
cym,ail_law,4,ail_law,second_hand,,ADJ,,,,"GPC ""ail-law, ail law""","fusser13,fusser5"
cym,ail_leflo,1,ail_leflo,relevel,,V,,,INFIN,"""lefl(i)o"" is in GPC",davies4
cym,ail_llenwi,1,ail_lenwi,refill,,V,,,INFIN,"GPC ""ail-lenwi""",robert3
cym,ailnewid,1,,,,,,,,"changed to ""ail_newid"" as not in dictionaries",robert2
cym,ail_newid,1,ail_newid,re_change,,V,,,INFIN,,robert2
cym,ailolwg,1,,,,,,,,have split it up,stammers9
cym,ail_roid,2,,,,,,,,"changed to ""ailroid"", as ""ailroi"" is in GPC without hyphen",davies5
cym,ailroid,,ailroi,reput,,,,,,"""ailroi"" in GPC",davies5
cym,ailsgwennu,2,ailsgrifennu,rewrite,,V,,,INFIN,"""ailsgrifenni"" in GPC","robert9,stammers9"
cym,ail_wneud,14,ail_wneud,redo,,V,,,INFIN,"GPC ""ail-wneud""","davies12,davies2,fusser13,fusser23,fusser3,fusser30,robert4,stammers6"
cym,alaw,1,alaw,melody,,N,MF,S,,,stammers8
cym,allor,2,allor,altar,,N,F,S,,,"fusser30,fusser6"
cym,allt,15,allt,slope,,N,F,S,,,"davies10,davies11,davies12,fusser17,fusser4,robert3,robert5,stammers3"
cym,almaeneg,3,,German Language,,N,F,SG,,"changed to ""Almaeneg""","roberts1,roberts2"
cym,alô,1,,,,,,,,"error for ""yn_ôl""",fusser17
cym,amboutu,23,amboutu,about,,PREP,,,,"GPC (""->obeutu"")","davies1,davies13,fusser27,fusser3,fusser6,robert1"
cym,amdanan,2,am,about,,PREP,,P,,13P,"robert4,robert5"
,,,,,,,,,,,
cym,amharch,1,,,,,,,,"changed to ""amarch"", which probably is in the dictionary already",davies2
cym,amhrisiadwy,1,amhrisiadwy,priceless,,ADJ,,,,,fusser23
cym,amla,1,aml,often,,ADJ,,,,SUP,davies2
cym,amlyca,1,amlwg,obvious,,ADJ,,,,SUP,roberts1
cym,amserion,1,amser,time,,N,M,P,,GPC,fusser17
cym,anadfantais,1,anfantais,disadvantage,,N,F,S,,error,fusser4
cym,analeisio,1,analeisio,analyse,,V,,,INFIN,GPC,davies15
cym,anelwig,1,anelwig,worthless,,ADJ,,,,,fusser14
cym,anfaddeuol,2,anfaddeuol,unforgivable,,ADJ,,,,,stammers1
cym,anferthol,1,anferthol,huge,,ADJ,,,,GPC,roberts1
cym,anghredadwy,3,anghredadwy,unbelieveable,,ADJ,,,,GPC,"fusser12,robert9"
cym,anghwrtais,1,anghwrtais,discourteous,,ADJ,,,,GPC,fusser18
cym,anglicanaidd,1,,,,,,,,"changed to ""Anglicanaidd""",davies17
cym,Anglicanaidd,1,Anglicanaidd,Anglican,,ADJ,,,,,davies17
cym,anhawsterau,1,,,,,,,,"changed to ""anawsterau""",fusser15
cym,anian,1,anian,nature,,N,MF,S,,GPC,fusser12
cym,anlwc,2,anlwc,misfortune,,N,M,S,,GPC,"davies11,davies16"
cym,annaturiol,2,annaturiol,unnatural,,ADJ,,,,GPC,"davies17,davies7"
cym,annhegwch,1,annhegwch,injustice,,N,M,S,,GPC,fusser12
,,,,,,,,,,,
cym,anobeithiol,2,anobeithiol,hopeless,,ADJ,,,,,fusser5
cym,anonest,1,anonest,dishonest,,ADJ,,,,,fusser12
cym,anorffenedig,1,anorffenedig,incomplete,,ADJ,,,,,davies5
cym,ansensitif,1,ansensitif,insensitive,,ADJ,,,,GPC,robert6
,,,,,,,,,,,
cym,ara,8,araf,slow,,ADJ,,,,,"davies10,fusser22,fusser4,roberts2,roberts4,stammers6,stammers8"
cym,ar_bwys,2,ar_bwys,near,,PREP,,,,needs adding to phrasal prep list in doc file,"davies11,robert1"
cym,archaeoleg,1,archaeoleg,archaeology,,N,F,S,,GPC,fusser26
cym,archdderwydd,1,archdderwydd,archdruid,,N,M,S,,GPC,davies11
cym,archdiacon,3,archdiacon,archdeacon,,N,M,S,,GPC,davies17
cym,archesgob,1,archesgob,archbishop,,N,M,S,,,fusser23
cym,archfarchnadau,1,archfarchnad,supermarket,,N,B,P,,GPC,davies10
cym,archifdy,1,archifdy,archive,,N,M,S,,,fusser32
cym,ar_fin,1,ar_fin,on_the_verge,,ADV,,,,needs adding to phrasal prep & adv list in doc file,fusser15
cym,arfu,1,,,,,,,,"error for ""arfogi""",fusser12
cym,ar_gael,10,ar_gael,available,,ADV,,,,needs adding to phrasal prep & adv list in doc file - or split up into two words,"fusser15,fusser18,fusser19,robert1,roberts1"
,,,,,,,,,,,
cym,argoeledig,6,argoeledig,superstitious,,ADJ,,,,GPC,fusser9
cym,argol,8,argoel,omen,,N,MF,S,,"GPC ""argol -> argoel""","davies10,davies14,davies6"
cym,ar_lein,2,ar_lein,on-line,,ADV,,,,"""ar-lein"" -> ""ar lein"" GPC",davies13
cym,arluniwr,1,arluniwr,painter,,N,MF,S,,,robert5
cym,arnach,2,ar,on,,PREP,,P,,2P,"fusser10,fusser8"
cym,arnan,5,ar,on,,PREP,,P,,3P,"fusser12,lloyd1,robert8,smith1"
cym,arnof,2,,,,,,,,"changed them to ""arnaf"" - that's what they sounded like to me anyway!","davies2,fusser15"
cym,arolygaeth,1,arolygaeth,supervision,,,,,,in new edition of GPC,fusser9
cym,arosa,2,,,,V,,,IMPER,"changed to ""arhosa""",davies16
cym,arwiniaidd,1,,,,,,,,"error for ""arweiniaeth""",fusser17
cym,astrus,2,astrus,difficult,,ADJ,,,,GPC,fusser5
cym,astudiaethoedd,1,astudiaeth,study,,N,MF,P,,non-standard/made-up plural,davies9
,,,,,,,,,,,
cym,atgofio,2,atgofio,recall,,V,,,INFIN,GPC,fusser26
cym,atgyfodiad,1,atgyfodiad,resurrection,,N,M,S,,,stammers7
cym,awch,1,awch,keenness,,N,MF,S,,GPC,fusser9
,,,,,,,,,,,
,,,,,,,,,,,
,,,,,,,,,,,
cym,b,1,b,b,,N,m?,S,,letter,robert3
cym,babyddol,2,pabyddol,Catholic,,ADJ,,,,,davies17
cym,bachau,2,bachyn,hook,,N,M,P,,,robert6
cym,bachyn,2,bachyn,hook,,N,M,S,,,davies10
cym,baco,7,baco,tobacco,,N,M,S,,GPC,"robert8,stammers3"
cym,bagaid,2,bagaid,bagful,,N,M,S,,GyA,"fusser11,robert5"
,,,,,,,,,,,
cym,balansio,2,balansio,balance,,V,,,INFIN,in GyA (and possibly new edition of GPC),"davies4,stammers7"
cym,balchach,2,balch,content,,ADJ,,,,COMP,"davies4,fusser16"
cym,balog,1,balog,codpiece,,N,F,S,,GPC,robert8
cym,bangor,1,bangor,enclosure,,N,MF,S,,,fusser9
cym,banhau,1,,,,,,,,"error for ""fwynhau""",fusser18
cym,bara_brith,1,,,,,,,,have split it up,fusser23
cym,basachd,1,bod,be,,V,,S,COND,2S,fusser19
cym,basat,1,bod,be,,V,,S,COND,2S,fusser15
cym,basgiad,2,basged,basket,,N,F,S,,"this form not GPC, but needs recording as otherwise it would be @cym&eng",fusser27
cym,bathodyn,1,bathodyn,batch,,N,M,S,,,robert9
cym,becar,1,,,,,,,,"changed to ""baker@eng""",robert8
,,,,,,,,,,,
cym,bedwardegau,1,pedwardegau,forties,,N,,P,,GPC,fusser10
,,,,,,,,,,,
,,,,,,,,,,,
,,,,,,,,,,,
cym,beiblaidd,1,,,,,,,,"changed to ""Beiblaidd""",fusser8
cym,Beiblaidd,1,Beiblaidd,biblical,,ADJ,,,,,fusser8
cym,bella,5,pell,far,,ADJ,,,,SUP,"fusser11,fusser13,fusser21,robert8"
cym,beltiau,1,belt,belt,,N,F,P,,GPC,fusser11
cym,bendro,2,pendro,dizziness,,N,F,S,,GPC,roberts3
cym,benelin,1,penelin,elbow,,N,MF,S,,,roberts1
cym,bensal,1,pensal,pencil,,N,M,S,,GPC,fusser18
,,,,,,,,,,,
cym,berfâid,1,berfâid,barrowful,,N,F,S,,GPC,davies4
cym,berfeddion,1,perfedd,middle,,N,M,P,,,stammers9
cym,bethe,1,,,,,,,,"changed to ""bethau""",fusser32
cym,beudái,3,beudy,cowshed,,N,M,P,,GPC,fusser16
cym,biciad,2,picio,dash,,V,,,INFIN,GPC,"fusser5,stammers6"
cym,bidlan,2,,,,,,,,"changed to ""bidlen"" (as in GPC)",davies6
cym,bidlen,2,pidlen,penis,,N,F,S,,"changed from ""bidlan""",davies6
cym,bitio,1,,,,,,,,"changed to ""bitïo""",davies10
cym,bitïo,1,pitïo,pity,,V,,,INFIN,,davies10
cym,blaidd,3,blaidd,wolf,,N,M,S,,,davies4
cym,blaidds,1,blaidd,wolf,,N,M,P,,made-up plural,davies4
cym,blaniau,1,plan,plan,,N,M,P,,GPC,roberts2
cym,blanio,1,planio,plan,,V,,,INFIN,GPC,davies15
cym,bleiddiaid,1,blaidd,wolf,,N,M,P,,,fusser11
cym,bles,1,ples,content,,ADJ,,,,GPC,davies1
cym,blês,1,,,,,,,,"changed to ""bles""",fusser15
cym,blewiach,1,blewiach,fluff,,N,,P,,GPC,davies2
cym,blwyfol,2,plwyfol,parochial,,ADJ,,,,,fusser9
cym,blys,3,blys,desire,,N,M,S,,,"fusser26,fusser6"
,,,,,,,,,,,
cym,bobman,1,pobman,everywhere,,ADV,,,,"GPC, GyA",stammers1
cym,boenus,2,poenus,painful,,ADJ,,,,,"fusser12,fusser4"
cym,boitsh,1,poitsh,mess,,N,M,S,,GPC,roberts3
cym,bolyn,2,polyn,pole,,N,M,S,,,"davies15,robert6"
cym,bonc,1,ponc,hillock,,V,F,S,,,fusser11
cym,bopio,1,bopio,bop,,V,,,INFIN,GyA,fusser10
,,,,,,,,,,,
cym,bosibilydd,1,,,,,,,,"error for ""bosibilrwydd""",fusser17
cym,bragdy,2,bracdy,brewery,,N,M,S,,"new GPC ""bragdy -> bracdy""",fusser10
cym,brathiad,1,brathiad,bite,,N,M,S,,,fusser16
cym,bratiaith,1,bratiaith,adulterated_language,,N,F,S,,,davies17
cym,braw,1,braw,fear,,N,M,S,,,stammers8
cym,breibio,1,breibio,bribe,,V,,INFIN,,GPC,smith1
cym,brenhines,2,brenhines,queen,,N,F,S,,,deuchar1
cym,brensiach,1,brensiach,good_gracious,,IM,,,,GPC,fusser12
cym,briallu,1,briallen,primrose,"
",N,F,P,,,robert5
cym,brodwaith,1,brodwaith,embroidery,,N,M,S,,,fusser13
cym,broffesiynnol,1,,,,,,,,"changed to ""broffesiynol""",fusser32
cym,bromptio,1,,,,,,,,"changed to ""bromtio""",fusser9
cym,bromtio,1,bromtio,prompt,,V,,,INFIN,GPC,fusser9
cym,brwyn,11,brwyn,rushes,,N,F,P,,,fusser17
cym,buais,7,,,,,,,,"replaced by ""bues""",davies1
cym,bugail,2,bugail,shepherd,,N,M,S,,,fusser30
cym,bugeiliaid,1,bugail,shepherd,,N,M,P,,,stammers5
cym,bugeiliol,2,bugeiliol,pastoral,,ADJ,,,,,fusser21
cym,buo,1,,,,,,,,"changed to ""buo(dd)""",davies4
cym,burfa,1,purfa,refinery,,N,F,S,,,davies11
,,,,,,,,,,,
cym,bwdins,1,pwdin,pudding,,N,M,P,,GPC,fusser14
cym,bwl,1,pwl,bout,,N,M,S,,GPC,fusser16
cym,bwlian,1,bwlian,bully,,V,,INFIN,,GPC,davies13
cym,bwsio,3,pwsio,push,,V,,INFIN,,GPC,"davies11,fusser13,stammers5"
cym,bwtsh,1,pwyts,pouch,,N,M,S,,"GPC (went for spelling ""pwyts"" to disambiguate from the many other meaninings of ""pwtsh"")",robert8
cym,bwtwm,1,bwtwm,button,,N,M,S,,GPC,davies16
cym,bwtwn,3,bwtwn,button,,N,M,S,,GPC,"davies13,fusser17"
cym,bwytai,1,bwyta,eat,,V,,S,IMPERF,3S,davies1
cym,bwytwch,1,bwyta,eat,,V,,P,IMPER/NONPAST,2P,robert4
cym,bydde,4,bod,be,,V,,S,COND,3S,davies13
cym,bygythiol,1,bygythiol,threatening,,ADJ,,,,,roberts1
cym,byliau,1,pwl,bout,,N,M,P,,,roberts2
cym,bysach,3,bod,be,,V,,P,PRES,2P,fusser8
cym,bysachd,4,bod,be,,N,,2,COND,be.2S.CONDIT,"davies5,fusser21,fusser7"
cym,bysat,1,bod,be,,V,,2,COND,2S,davies4
cym,bythynnod,2,bwthyn,,,N,M,P,,,fusser17
,,,,,,,,,,,
cym,bytiau,1,pwt,scrap,,N,MF,P,,GPC,stammers9
cym,c,4,c,c,,N,M (?),S,,letter,"fusser9,robert3"
cym,cacenni,1,cacen,cake,,N,F,P,,GPC,fusser14
cym,cachiad,1,cachiad,excretion,,N,M,S,,GPC,davies6
cym,cad,2,cadw,keep,,V,,S,IMPER,2S,robert8
cym,cadeiriol,1,cadeiriol,cathedral,,ADJ,,,,,fusser14
cym,cadeiryddiad,1,cadeiryddiad,chairmanship,,N,M,S,,"not in dictionaries; speaker may be trying to correct herself to ""cadeiryddiaeth""",roberts3
cym,cadw_mi_gei,5,cadw_mi_gei,money_box,,N,M,S,,"GPC ""cadw-mi-gei""",davies2
cym,cadw_mi_geis,1,cadw_mi_gei,money_box,,N,M,P,,,davies2
cym,caead,2,caead,lid,,N,M,S,,,"fusser8,stammers6"
cym,caethwasiaeth,1,caethwasiaeth,slavery,,N,F,S,,,stammers9
cym,caffael,2,caffael,acquire,,V,,,INFIN,or NMS?,fusser15
cym,calla,1,call,wise,,ADJ,,,,SUP,davies4
cym,calonogol,1,calonogol,heartening,,ADJ,,,,,fusser32
cym,cambihafio,1,cambihafio,misbehave,,,,,,GyA,fusser14
cym,camddallt,2,camddallt,misunderstand,,V,,,INFIN,"GPC has ""cam-"" and ""dallt""",fusser21
cym,camelod,1,camel,camel,,N,M,P,,GPC,fusser26
cym,camerâu,3,camera,camera,,N,M,P,,,"fusser4,robert1,roberts1"
cym,camgymeryd,2,camgymeryd,mistake,,V,,INFIN,,GPC,"davies11,fusser8"
cym,cancr,3,cancr,cancer,,N,M,S,,GPC,fusser27
cym,caniad,2,caniad,ring,,N,M,S,,,"davies15,fusser28"
cym,canllath,1,canllath,hundred_yards,,N,,P,,GPC,davies11
cym,canoldir,1,canoldir,midland,,N,M,S,,GPC,stammers8
cym,canoloesoedd,1,canoloesoedd,Middle_Ages,,N,,P,,GPC,fusser9
cym,canpunt,2,canpunt,hundred_pounds,,N,,P,,GPC,"davies6,fusser15"
cym,canslio,1,canslio,cancel,,V,,INFIN,,GPC,davies5
cym,canwyl,1,,,,,,,,"error for ""canol""",stammers8
cym,capelwr,2,capelwr,chapel_goer,,N,M,S,,,davies17
cym,capelwyr,1,capelwr,chapel_goer,,N,M,P,,,davies17
cym,capiau,2,cap,cap,,N,M,P,,GPC,"davies12,fusser16"
cym,carchardai,1,carchardy,prison,,N,M,P,,,robert9
cym,carden,5,carden,card,,N,F,S,,in GPC,robert1
cym,cardyn,34,cardyn,card,,N,M,S,,in GPC,"davies15,davies5,fusser13,fusser16,fusser21,fusser3,fusser7,fusser8,robert5,robert9,stammers2"
cym,caregog,1,caregog,stony,,ADJ,,,,,fusser9
cym,careiau,2,carrai,lace,,N,F,P,,GPC,"fusser27,fusser7"
cym,carfio,3,carfio,carve,,V,,,INFIN,GPC,"fusser16,fusser29"
cym,carpiau,1,carp,rag,,N,M,P,,GPC,fusser9
cym,carpiog,1,carpiog,ragged,,ADJ,,,,GPC,fusser9
,,,,,,,,,,,
cym,carw,1,carw,hart,,N,M,S,,,fusser12
cym,casau,1,,,,,,,,"changed to ""casáu""",fusser15
cym,caseg,1,caseg,mare,,N,F,S,,,fusser17
cym,castiog,1,castiog,wily,,ADJ,,,,GPC,fusser11
cym,catholigwyr,1,,,,,,,,"changed to ""Catholigwyr""",davies17
cym,Catholigwyr,1,Catholigwr,Catholic,,N,M,P,,,davies17
cym,cawell,3,cawell,cage,,N,M,S,,,"fusser8,fusser9"
cym,cawl,2,cawl,soup,,N,M,S,,,"stammers6,stammers8"
cym,cawod,23,cawod,shower,,N,F,S,,,"davies12,davies13,davies2,fusser15,fusser17,fusser21"
cym,cawodydd,2,cawod,shower,,N,F,P,,,"davies12,fusser15"
,,,,,,,,,,,
cym,cefndirol,1,cefndirol,background,,ADJ,,,,,robert9
cym,cefndryd,2,cefnder,cousin,,N,M,P,,GPC,"davies11,davies7"
cym,cefnither,1,cefnither,cousin,,N,F,S,,GPC,fusser30
cym,cefnog,1,cefnog,wealthy,,ADJ,,,,,fusser21
cym,cegaid,3,cegaid,mouthful,,N,F,S,,,"davies1,davies4"
cym,cegog,1,cegog,mouthy,,ADJ,,,,GPC,fusser9
cym,ceibo,1,ceibio,hoe,,V,,,INFIN,,fusser3
cym,ceiliog,10,ceiliog,cockerel,,N,M,S,,,"fusser14,fusser17,fusser9,robert5"
cym,ceiliogod,1,ceiliog,cockerel,,N,M,P,,,davies11
cym,ceirios,1,ceiriosen,cherry,,N,F,P,,,fusser16
cym,ceirw,1,carw,hart,,N,M,P,,,davies4
cym,celtaidd,2,,,,,,,,"changed to ""Celtaidd""",robert1
cym,Celtaidd,2,Celtaidd,Celtic,,ADJ,,,,,robert1
cym,cenhedlaethau,1,,,,,,,,"changed to ""cenedlaethau""",davies10
cym,cerddorfa,3,,orchestra,,N,F,S,,,"davies3,davies7,roberts2"
cym,cerddorfeydd,1,cerddorfa,orchestra,,N,F,P,,,davies3
cym,cesail,2,cesail,armpit,,N,F,S,,,fusser30
,,,,,,,,,,,
cym,cewyn,1,cewyn,nappy,,N,M,S,,,fusser3
cym,chdithau,8,chdithau,you,,PRON,,S,,2S,"fusser11,fusser13,fusser32,lloyd1,roberts2,roberts3,stammers3"
,,,,,,,,,,,
cym,chwaden,1,chwaden,duck,,N,F,S,,GyA,fusser14
cym,chwaer_yng_nghyfraith,1,chwaer_yng_nghyfraith,sister_in-law,,N,F,S,,,roberts2
cym,chwaethus,1,chwaethus,tasteful,,ADJ,,,,,stammers6
cym,chwaneg,3,chwaneg,more,,ADJ,,,,GPC,"deuchar1,fusser5,stammers1"
cym,chwarelwyr,1,chwarelwr,quarryman,,N,M,P,,,fusser4
,,,,,,,,,,,
cym,chwd,2,? see notes,vomit,,N,M,S,,"GyA has ""ch?d"" (the circumflex being redundant really) and ""ch?yd"", GPC only ""chw?d""; haven't changed anything in the transcription (yet)",davies2
,,,,,,,,,,,
,,,,,,,,,,,
,,,,,,,,,,,
cym,chwech_gwlad,1,,,,,,,,have split it up,fusser10
,,,,,,,,,,,
cym,chwerthais,1,chwerthin,laugh,,V,,S,PAST,1S,fusser8
cym,chwerthins,1,chwerthin,laugh,,N (?),,S,,ad-hoc plural of what would normally be a verb-noun,davies9
cym,chwerthon,1,chwerthin,laugh,,V,,P,PAST,1P,fusser8
,,,,,,,,,,,
cym,chwil,1,chwil,drunk,,ADJ,,,,,lloyd1
cym,chwinciad,1,chwinciad,twinkling,,N,M,S,,GPC,fusser6
cym,chwistrell,1,chwistrell,syringe,,N,F,S,,GPC,fusser12
cym,chwistrelliad,1,chwistrelliad,injection,,N,M,S,,GPC,fusser12
cym,chwistrellwr,1,chwistrellwr,injector,,N,M,S,,GPC,fusser12
cym,chwrael,1,,,,,,,,"changed to ""chwarel""",fusser32
cym,chwydd,1,chwydd,swelling,,N,M,S,,GPC,stammers1
cym,chwyddwydr,3,chwyddwydr,microscope,,N,M,S,,GPC,fusser13
cym,chwyslyd,1,chwyslyd,sweaty,,ADJ,,,,,fusser30
cym,chyfanrwydd,1,cyfanrwydd,wholeness,,N,M,S,,,roberts1
cym,chyfnitherod,1,cyfnither,cousin,,N,F,P,,this plural cited by GyA,davies11
cym,ciaidd,1,ciaidd,cruel,,ADJ,,,,,davies6
cym,cidnapio,2,cidnapio,kidnap,,V,,,INFIN,GPC,"fusser31,robert4"
cym,cimwch,1,cimwch,lobster,,N,M,S,,,fusser9
cym,citio,2,citio,kit,(kit out),V,,,INFIN,GyA,"davies3,davies5"
cym,ciwrio,2,ciwrio,cure,,V,,,INFIN,GPC,"fusser26,fusser27"
cym,clariffeio,1,clariffeio,clarify,,V,,,INFIN,GPC,roberts4
cym,clau,1,clau,clean,,V,,,INFIN,GyA,fusser3
cym,cleddyf,1,cleddyf,sword,,N,M,S,,,fusser23
cym,cledrau,1,cedr,rail,,N,F,P,,,davies10
cym,cledrffordd,2,cledrffordd,railroad,,N,F,S,,GPC,fusser4
cym,cleimio,6,cleimio,claim,,V,,,INFIN,GPC,"davies2,davies4,fusser25,fusser29,robert7"
cym,cleiog,1,cleiog,clayey,,ADJ,,,,,davies4
cym,clên,10,clên,pleasant,,ADJ,,,,GPC,"davies2,fusser11,fusser14,fusser21,fusser23,fusser5"
cym,clico,1,clicio,click,,V,,,INFIN,,robert6
cym,clochdar,1,clochdar,cluck,,V,,,INFIN,,davies11
cym,clogyn,1,clogyn,cloak,,N,M,S,,,roberts4
cym,clonio,1,clonio,clone,,V,,,INFIN,GPC,fusser17
cym,clustdlysau,1,,,,,,,,"changed to ""clustlysau"" in line with GPC",davies13
cym,clustlysau,1,clustlws,earring,,N,MF,P,,"GPC has ""clustlws"" and ""clust-dlws -> clustlws""",davies13
cym,clyweliad,1,clyweliad,audition,,N,M,S,,GyA,davies7
cym,cnufiau,1,cnu,fleece,,N,M,P,,GPC,fusser11
cym,co,1,dacw,there,,ADV,,,,"GPC mentions variant ""'co"" for ""dacw""","fusser3,"
cym,co,4,cof,memory,,N,M,S,,,"robert7,roberts3, roberts4"
cym,coban,2,coban,nightshirt,,N,F,S,,,davies14
cym,cobenni,1,coban,nightshirt,,N,F,P,,this plural not in dictionaries,roberts2
cym,coblyn,4,coblyn,goblin,,N,M,S,,,"davies17,fusser11,fusser26,fusser32"
cym,cochion,1,coch,red,,ADJ,,P,,,davies4
cym,codwm,1,codwm,fall,,N,M,S,,,stammers1
cym,coedydd,2,coed,wood,,N,M,P,,,fusser9
cym,coedyn,5,coedyn,plank,,N,M,S,,GPC,"fusser13,stammers6"
cym,coel,2,coel,believe,,N,MF,S,,,fusser6
cym,cogyddes,1,cogyddes,cook,,N,F,S,,,deuchar1
cym,côl,3,côl,lap,,N,F,S,,,davies1
cym,colur,1,colur,make-up,,N,M,S,,,fusser3
cym,comitio,1,comitio,commit,,V,,,INFIN,GPC,stammers6
cym,compario,1,compario,compare,,V,,,INFIN,GPC,robert3
,,,,,,,,,,,
cym,conffyrmio,2,conffyrmio,confirm,,V,,INFIN,,GPC,davies15
,,,,,,,,,,,
cym,controlio,3,controlio,control,,V,,INFIN,,GPC,"fusser15,robert3"
cym,copyn,8,,,,,,,,"changed to ""pry_copyn""",fusser16
cym,pry_copyn,8,pryf_copyn,spider,,N,M,S,,"GPC ""pry(f) cop(yn)"" under ""pryf""",fusser16
cym,cor,1,,,,,,,,"changed to ""côr""",fusser9
cym,côr,1,côr,plaiting,,N,M,S,,GPC (only in compositions),fusser9
cym,cordwellt,6,cordwellt,cordgrass,,N,M,S,,on http://termau.org (citing Cymdeithas Edward Llwyd),fusser9
cym,cordyn,1,cordyn,string,,N,M,S,,,fusser15
cym,cored,4,cored,weir,,N,F,S,,GPC,fusser9
cym,corws,2,corws,chorus,,N,M,S,,GyA,davies1
cym,coryn,1,,,,,,,,"changed to ""corryn""",fusser27
cym,corryn,1,corryn,spider,,N,M,S,,GPC,fusser27
cym,cotwm,2,cotwm,cotton,,N,M,S,,,"fusser3,stammers9"
cym,cownto,1,cownto,count,,V,,,INFIN,GPC,davies1
cym,crachach,1,crachach,snobs,,N,,P,,GPC,stammers1
cym,craciau,1,crac,crack,,N,M,P,,,fusser32
,,,,,,,,,,,
cym,crand,3,crand,fancy,,ADJ,,,,GPC,"fusser23,fusser8,robert9"
cym,cratsh,1,cratsh,cage,,N,M,S,,GPC,fusser25
cym,crechi,2,,,,,,,,"changed to ""crechy(dd)""",fusser3
cym,crechydd,2,crechydd,heron,,N,M,S,,GPC,fusser3
cym,creision,1,creision,crisps,,N,,P,,in this meaning not in dictionaries,stammers2
cym,crempog,9,crempog,pancake,,N,M,S,,,fusser14
cym,crempogau,1,crempog,pancake,,N,M,P,,,fusser14
cym,crib,6,crib,ridge,,N,MF,S,,,fusser17
cym,cripan,1,cripian,creep,,V,,,INFIN,"""cripian"" is what is in GPC - not sure what should be the lemma form",davies1
cym,criwsio,1,criwsio,cruse,,V,,,INFIN,GyA,stammers2
cym,croesair,1,croesair,crossword,,N,M,S,,GyA,stammers9
cym,croesbwyth,1,croesbwyth,cross-stitch,,N,M,S,,"GPC has ""croes-"" as prefix and ""pwyth""",fusser13
cym,croeseiriau,1,croesair,crossword,,N,M,P,,GyA,roberts1
cym,cryfa,3,cryf,strong,,ADJ,,,,SUP,"davies13,fusser8,stammers3"
cym,crynion,3,crwn,round,,ADJ,,P,,,"fusser9,robert8"
cym,crysau,11,crys,shirt,,N,M,P,,,fusser10
cym,cuddiad,5,cuddio,hide,,V,,,INFIN,,"fusser17,fusser29,fusser32,robert4,roberts3"
cym,cur,1,cur,pain,,N,MF,S,,GPC,fusser27
cym,curiad,1,curiad,beat,,N,M,S,,,fusser12
cym,cwarfod,2,cyfarfod,meet,,V,,,INFIN,form not in dictionaries,fusser23
cym,cwco,1,cwcio,cook,,V,,,INFIN,"GPC: ""cwc(i)o""",davies1
cym,cwd,1,cwd,pouch,,N,M,S,,GPC,fusser9
cym,cwningen,5,cwningen,rabbit,,N,F,S,,,"fusser14,fusser6"
cym,cwpwl,1,? see notes,couple,,N,M,S,,"GyA has ""cwpwl"", GPC only ""cwpl""",davies2
cym,cwrso,1,cwrso,chase,,V,,,INFIN,GPC,fusser3
,,,,,,,,,,,
cym,cwrtais,1,cwrtais,courteous,,ADJ,,,,,fusser21
cym,cyd_daro,1,cyd_daro,coincide,,V,,,INFIN,"GPC has ""cyd-"" as prefix, but not ""cyd-daro"" iself",robert9
cym,cyd_destun,2,cyd_destun,context,,N,M,S,,GyA,robert9
cym,cyd_fynd,3,cyd_fynd,agree,,V,,,INFIN,"GPC ""cyd-fynd""","fusser9,roberts1"
cym,cyfa,3,cyfa,whole,,ADJ,,,,GPC,"davies15,robert4"
cym,cyfamod,5,cyfamod,covenant,,N,M,S,,,fusser30
cym,cyfandir,1,cyfandir,continent,,N,M,S,,,fusser9
cym,cyfansoddwr,1,cyfansoddwr,composer,,N,M,S,,,davies14
cym,cyfansoddwyr,1,cyfansoddwr,composer,,N,M,P,,,davies14
,,,,,,,,,,,
cym,cyffyrddus,1,cyffyrddus,comfortable,,ADJ,,,,GPC,fusser10
cym,cyfleustra,1,cyfleustra,convenience,,N,M,S,,GPC,robert9
cym,cyfnitherod,2,cyfnither,cousin,,N,F,P,,GyA has this pl,"fusser3,roberts4"
,,,,,,,,,,,
,,,,,,,,,,,
,,,,,,,,,,,
cym,cyfryngis,1,cyfryngi,media_type,,N,M,P,,not in any of the dictionaries,robert1
cym,cyfyngiedig,1,,,,,,,,"changed to ""cyfyngedig"" in accordance with dictionaries (he does say ""cyfyngiedig"" though",fusser9
cym,cylla,1,cylla,stomach,,N,MF,S,,GPC,fusser9
cym,cyllell,1,cyllell,knife,,N,F,S,,,davies9
cym,cyllyll,1,cyllell,knife,,N,F,P,,,fusser23
cym,cyma,5,cymryd,take,,V,,2,IMPER,2S,"davies16,fusser15"
cym,cymdeithasegwraig,1,cymdeithasegwraig,sociologist,,N,F,S,,,robert9
cym,cymhorthydd,1,cymhorthydd,assistant,,N,M,S,,GPC,davies5
cym,cymra,5,cymryd,take,,V,,2,IMPER,2S,"davies16,fusser6,roberts3"
cym,cymraeg,5,,,,,,,,"changed to ""Cymraeg""",davies17
cym,cymreig,4,,,,,,,,"changed to ""Cymreig""","fusser11,roberts1,stammers9"
cym,cymrwch,3,cymryd,take,,V,,P,IMPER/NONPAST,2P,robert8
cym,cyn_belled,6,cyn_belled,as_far,,ADV,,,,in doc file,"davies10,fusser13,fusser17,fusser22,fusser4,stammers9"
,,,,,,,,,,,
,,,,,,,,,,,
,,,,,,,,,,,
cym,cynhara,1,cynnar,early,,ADJ,,,,SUP,stammers1
cym,cynhebrwng,4,cynhebrwng,funeral,,N,M,S,,GPC,"deuchar1,stammers5,stammers8"
,,,,,,,,,,,
cym,cynnach,1,cyn,before,,PREP,,P,,2P,fusser21
cym,cynnesach,2,cynnes,warm,,ADJ,,,,COMP,"fusser29,stammers5"
cym,cynrhychioli,1,,,,,,,,"changed to ""cynrychioli""",fusser10
cym,cyn_rodidenaidd,1,cyn_rodidenaidd,pre_rhododendric,,ADJ,,,,doesn't feature in any English or Welsh dictionaries; according to a comment in the transcription it was an ad-hoc creation,fusser9
cym,cynsidro,1,,,,,,,,"changed to ""cysidro""",robert4
cym,cyntedd,2,cyntedd,vestibule,,N,M,S,,GPC,"fusser15,robert1"
,,,,,,,,,,,
,,,,,,,,,,,
,,,,,,,,,,,
cym,cyraints,2,cyraints,currants,,N,,P,,GPC,fusser6
,,,,,,,,,,,
cym,cyrliog,2,cyrliog,curly,,ADJ,,,,GPC,"fusser12,fusser26"
cym,cysegredig,2,cysegredig,sacred,,ADJ,,,,,davies14
cym,cyw_iar,2,,,,,,,,"has by now been changed to ""cyw_iâr"", which probably has a dictionary entry",davies2
cym,daclusach,1,taclus,tidy,,ADJ,,,,COMP,fusser13
cym,dacw,2,dacw,there,,ADV,,,,GPC,"fusser9,stammers8"
cym,dad_cu,1,tad_cu,grandfather,,N,M,S,,GPC,davies1
,,,,,,,,,,,
cym,dailiau,1,,,,,,,,"changed to ""deiliau""",fusser17
cym,deiliau,1,deilen,leaf,,N,F,P,,this plural in GPC,fusser17
cym,daioni,2,daioni,goodness,,N,M,S,,,stammers3
,,,,,,,,,,,
cym,dales,1,talu,pay,,V,,S,PAST,1S,fusser7
cym,dalwr,1,talwr,payer,,N,M,S,,GPC,fusser11
cym,danodd,1,,,,,,,,"changed to ""dannodd""",davies16
cym,dannodd,1,dannodd,toothache,,N,F,S,,GPC,davies16
cym,danyn,2,tan,under,,PREP,,P,,3P,"fusser25,robert5"
cym,dario,1,dario,damn,,IM,,,,GPC,fusser21
cym,darlithydd,3,darlithydd,lecturer,,N,M,S,,,"davies2,stammers7"
cym,daru,11,darfod,happen,,V,,S,PAST,3S,"davies14,deuchar1,fusser31,stammers8"
cym,dast,2,tast,taste,,N,M,S,,GPC,fusser8
cym,datblygio,1,datblygio,unplug,,V,,,INFIN,GyA,fusser5
,,,,,,,,,,,
,,,,,,,,,,,
,,,,,,,,,,,
,,,,,,,,,,,
,,,,,,,,,,,
,,,,,,,,,,,
,,,,,,,,,,,
,,,,,,,,,,,
,,,,,,,,,,,
,,,,,,,,,,,
cym,dawnsiwr,1,dawnsiwr,dancer,,N,M,S,,,roberts1
,,,,,,,,,,,
cym,ddaioni,1,daioni,goodness,,N,M,S,,,robert8
cym,ddalltais,2,dallt,understand,,V,,S,PAST,1S; GPC,fusser9
cym,ddamcaniaeth,1,damcaniaeth,theory,,N,F,S,,GPC,fusser9
cym,ddannodd,1,dannodd,toothache,,N,F,S,,GPC,fusser19
cym,ddannoedd,2,dannoedd,toothache,,N,F,S,,GPC,robert8
,,,,,,,,,,,
cym,ddebygol,1,tebygol,likely,,ADJ,,,,,roberts2
,,,,,,,,,,,
cym,ddei,1,dod,come,,V,,S,NONPAST,2S,lloyd1
cym,dderyn,3,deryn,bird,,N,M,S,,GPC,"davies11,fusser17,roberts2"
cym,ddeudan,10,dweud,say,,V,,P,NONPAST,12P,"fusser11,fusser17,robert8"
cym,ddeuddeng,1,deuddeg,twelve,,NUM,,,,,fusser16
,,,,,,,,,,,
cym,ddeudi,1,dweud,say,,V,,S,NONPAST,2S,fusser10
cym,ddeudist,2,dweud,say,,V,,S,PAST,2S,fusser19
cym,ddeudwn,3,dweud,say,,V,,P,NONPAST,1P,"fusser15,fusser3,roberts4"
,,,,,,,,,,,
cym,ddeuthai,1,gwneud,do,,V,,S,COND,"apparently error for ""wnaethai"" do.3S.CONDIT",fusser8
cym,ddewn,1,dod,come,,V,,P,NONPAST,13P,fusser31
cym,ddiawl,12,diawl,devil,,N,M,S,,the hell',"davies12,davies4,fusser25,fusser3,robert1,robert8,roberts4"
cym,ddiawledig,6,diawledig,diabolical,,ADJ,,,,,"davies4,davies6"
cym,ddi_baid,1,di_baid,constant,,ADJ,,,,"GyA ""di-baid""",roberts2
cym,ddi_glem,2,di_glem,inept,,ADJ,,,,"GPC ""di-glem""",roberts1
cym,ddiodde,2,dioddef,suffer,,V,,,INFIN,,"fusser12,stammers6"
cym,ddioddodd,1,dioddau,suffer,,V,,S,PAST,3S; GPC,stammers1
cym,ddipyn,14,tipyn,bit,,N,M,S,,,"davies10,davies12,deuchar1,fusser10,fusser11,fusser17,fusser23,fusser31,robert7,roberts3,stammers3"
cym,ddistawach,1,distaw,quiet,,ADJ,,,,COMP,davies12
cym,ddoethach,1,doeth,wise,,ADJ,,,,COMP,stammers6
cym,ddois,11,dod,come,,V,,S,PAST,1S,"davies4,fusser11,fusser16,fusser4,lloyd1,robert8,roberts2,stammers1"
cym,ddoith,3,dod,come,,V,,S,NONPAST,3S,"davies14,fusser10,roberts2"
cym,ddon,5,dod,come,,V,,P,NONPAST,3P,"fusser10,fusser16,fusser23,robert7,roberts3"
cym,ddothoch,1,dod,come,,V,,P,PAST,2P,davies11
cym,ddothon,3,dod,come,,V,,P,PAST,1P,"davies15,fusser17,fusser30"
cym,ddou,1,dau,two,,NUM,,,,"GPC ""dou -> dau""",robert1
cym,ddrewdod,1,drewdod,stink,,N,M,S,,,davies6
cym,ddropio,1,dropio,drop,,V,,,INFIN,GPC,fusser28
cym,ddrosodd,1,trosodd,over,,ADV,,,,,davies4
cym,ddrwm,1,trwm,heavy,,ADJ,,,,,robert2
,,,,,,,,,,,
cym,ddudalen,1,tudalen,page,,N,F,S,,,stammers1
cym,ddudodd,3,dweud,say,,V,,S,PAST,3S,"fusser26,fusser32"
cym,ddwad,1,,,,,,,,"changed to ""dd?ad""",fusser19
cym,dd?ad,1,dod,come,,V,,,INFIN,"GPC (""d?ad -> dod"")",fusser19
cym,ddwedwyd,1,dweud,say,,V,,,PAST,IMPERSONAL,fusser10
cym,ddwyawr,1,,,,,,,,have split it up as not in dictionaries,fusser23
cym,ddychmygus,1,dychmygus,imaginative,,ADJ,,,,GyA,fusser9
cym,ddyla,7,dylu,should,,V,,S,COND,"12S (1S in davies16, 2S in the others)","davies16,fusser21,robert3,stammers6"
cym,ddylaf,1,,,,,,,,"changed to ""dyla"" to conform with the other instances",davies16
cym,ddylia,4,dylu,should,,V,,S,COND,should.2S.CONDIT,"davies3,davies6,fusser15,fusser29"
cym,ddylian,1,dylu,should,,V,,P,COND,13P,fusser19
cym,ddylien,1,dylu,should,,V,,P,COND,13P,fusser10
cym,ddyliwn,1,dylu,should,,V,,S,COND,should.1S.CONDIT,fusser4
cym,ddylsan,1,dylu,should,,V,,P,COND,13P,fusser19
cym,ddylswn,3,dylu,should,,V,,S,COND,should.1S.CONDIT,"fusser18,roberts4"
cym,dech,2,,,,,,,,"changed to ""dych""","davies3,fusser10"
cym,decin,1,decin,I_suppose,,V,,S,?,1S; GPC,lloyd1
cym,dedaist,1,,,,,,,,"changed to ""deudaist"" in line with other instance in transcription",roberts2
cym,defnyddais,1,,,,,,,,"changed to ""defnyddiais"" (as she is saying ""defnyddis"" anyway)",fusser13
cym,degannau,1,,,,,,,,"changed to ""deganau""",smith1
,,,,,,,,,,,
cym,degpunt,1,,,,,,,,"changed to ""decpunt""",fusser27
cym,decpunt,1,decpunt,ten_pounds,,N,,P,,GPC,fusser27
cym,deheubarth,1,,,,,,,,"changed to ""Deheubarth""",fusser9
cym,Deheubarth,1,Deheubarth,South_Wales,,N,M,S,,GPC,fusser9
cym,deifwyr,2,deifiwr,diver,,N,M,P,,GPC,fusser18
cym,delach,2,del,pretty,,ADJ,,,,COMP; GPC,"fusser13,robert7"
cym,delyn,6,telyn,harp,,N,F,S,,,"davies7,fusser13,fusser16,fusser30"
cym,deryn,2,deryn,bird,,N,M,S,,GPC,davies11
cym,dethi,1,teth,teat,,N,F,P,,,davies6
cym,deu,3,,,,,,,,"as GPC has ""deu-"" listed as prefix, I'v amalgamated this with the following word","fusser32,robert6"
cym,deu_fis,3,deu_fis,two_months,,N,M,P?,,"as GPC has ""deu-"" listed as prefix, I'v amalgamated this with the following word","fusser32,robert6"
cym,deuddeng,1,deuddeg,twelve,,NUM,,,,,davies11
cym,dewn,1,dod,come,,V,,P,NONPAST,1P,fusser3
,,,,,,,,,,,
cym,diarygaeth,1,,,,,,,,"error for ""daearyddiaeth""",fusser17
cym,diawch,1,diawch,blimey,,IM,,,,GPC,stammers1
cym,diawl,34,diawl,devil,,N,M,S,,,"davies1,davies14,davies4,davies6,fusser11,fusser12,fusser22,fusser27,fusser30,fusser32,fusser9,lloyd1,robert8,roberts2"
cym,diawlaid,2,diawl,devil,,N,M,P,,,"davies16,fusser9"
cym,diawledig,5,diawledig,diabolical,,ADJ,,,,,"davies4,roberts3"
cym,diawliaid,2,diawl,devil,,N,M,P,,,"fusser29,lloyd1"
cym,di_ben_draw,1,di_ben_draw,unending,,ADJ,,,,"GPC ""di-ben-draw""",robert2
cym,dibyn,2,dibyn,precipice,,N,M,S,,,"fusser4,smith1"
cym,diddim,1,diddim,insignificant,,ADJ,,,,GPC,"fusser18, fusser9"
cym,di_ddim,1,,,,,,,,"changed to ""diddim""",fusser9
cym,diddoreb,1,,,,,,,,"error for ""diddordeb""",fusser22
cym,difancoll,1,difancoll,perdition,,N,M,S,,,stammers9
cym,diffod,1,diffod,extinguish,,V,,,INFIN,GPC,stammers6
,,,,,,,,,,,
cym,digrefyddol,1,digrefyddol,unreligious,,ADJ,,,,GPC,fusser30
cym,digri,1,digri,funny,,ADJ,,,,GPC,robert8
cym,di_Gymraeg,4,di_Gymraeg,without_Welsh,,ADJ,,,,"GPC ""di_Gymraeg -> di + Gymraeg""","davies17,fusser15,robert9"
cym,dilifro,5,dilifro,deliver,,V,,,INFIN,GPC,"fusser28,fusser29,robert7"
cym,di_lun,1,di_lun,shapeless,,ADJ,,,,"GPC ""di-lun""",fusser23
cym,dîn,8,,,,,,,,"changed to ""din"" - lemma ""tin"" 'arse', which probably is in the glossing dictionary already","davies16,davies2,davies6,fusser11,fusser29,roberts2,roberts3"
cym,diodde,8,dioddef,suffer,,V,,,INFIN,,"davies12,deuchar1,fusser12,fusser16,fusser19,fusser6"
cym,diogrwydd,1,diogrwydd,laziness,,N,M,S,,,stammers3
cym,diplomataidd,1,diplomataidd,diplomatic,,ADJ,,,,GPC,fusser10
cym,di_ri,1,di_rif,countless,,ADJ,,,,"GPC ""di-rif -> di + rif""",fusser15
cym,dirif,2,,,,,,,,"changed to ""di_rif""",fusser4
cym,di_rif,2,di_rif,countless,,ADJ,,,,"GPC ""di-rif -> di + rif""",fusser4
cym,disgled,2,,,,,,,,"changed to ""dysglaid""",fusser27
cym,dysglaid,2,dysglaid,cupful,,N,M,S,,"GPC, GyA",fusser27
cym,disitrio,1,,,,,,,,"error for ""dinistrio""",fusser17
cym,ditso,1,,,,,,,,"changed to ""ditsio"" (i.e. what she say and what is in GPC)",fusser8
cym,ditsio,1,titsio,teach,,V,,,INFIN,GPC,fusser8
cym,dlodaidd,1,tlodaidd,poor,,ADJ,,,,GPC,fusser9
cym,dô,2,,,,,,,,"changed to ""do""",fusser23
cym,doedda,1,bod,be,,V,,2,IMPERF,2S,fusser11
cym,doeddachd,2,bod,be,,V,,2,IMPERF,be.2S.IMP.NEG,davies4
cym,doethuriaeth,2,doethuriaeth,doctorate,,N,F,S,,GPC,stammers6
cym,dofe,7,dofe,wasn't_it,,TAG,,,,in doc file,"davies11,davies13,robert1"
cym,dôl,2,yn_ôl,back,,ADV,,,,"not in dictionaries; make sure treatment of this conforms with that of ""yn_dôl""!",fusser21
cym,dorcalonnus,1,torcalonnus,heartbreaking,,ADJ,,,,GPC,fusser11
cym,doro,1,,,,,,,,"changed to ""dyro""",fusser28
cym,dyro,1,rhoi,give,,V,,S,IMPER,,fusser28
cym,do't,4,,,,,,,,see fixes file,"davies13,roberts2,stammers1"
cym,dou,11,dau,two,,NUM,,,,"GPC ""dou -> dau""","fusser3,robert1"
cym,dow_dow,1,dow_dow,slowly,,ADV,,,,"GPC ""dow-dow""",fusser10
cym,draddodwr,1,traddodwr,speaker,,N,M,S,,GPC,fusser9
cym,drafaeliwr,1,trafaeliwr,traveller,,N,M,S,,GPC,fusser11
cym,drain,1,drain,thorns,,N,,P,,GPC,fusser13
,,,,,,,,,,,
cym,dreifar,2,dreifar,driver,,N,M,S,,GPC,"davies4,fusser9"
cym,drenydd,1,,,,,,,,"changed to ""drennydd""",fusser23
cym,drennydd,1,trennydd,day_after_tomorrow,,ADV,,,,GPC,fusser23
cym,dreud,1,dweud,say,,V,,,INFIN,"mispronunciation for ""deud""",davies2
cym,dridegau,1,trideg,thirty,,N,,P,,GPC,davies17
cym,dridiau,2,tridiau,three_days,,N,,P,,GPC,"davies2,roberts2"
cym,drigfannau,3,trigfan,abode,,N,F,P,,,fusser8
cym,dripiau,2,trip,trip,,N,M,P,,GPC,"fusser9,robert5"
cym,driw,1,triw,faithful,,ADJ,,,,GPC,fusser13
cym,droead,1,troead,turn,,N,MF,S,,GPC,roberts4
,,,,,,,,,,,
cym,droeodd,3,troi,turn,,V,,S,PAST,3S,"fusser18,stammers1"
cym,drôns,3,trôns,underpants,,N,M,S,,"GyA has it as MS, with ""tronsiau"" as pl",davies6
cym,dropian,2,dropian,drop,,V,,,INFIN,GPC,fusser7
cym,dropio,4,dropio,drop,,V,,,INFIN,GPC,"davies12,davies4,lloyd1"
cym,dropyn,1,dropyn,drop,,N,M,S,,"GPC ""dropyn -> tropyn""",fusser12
cym,droriau,1,drôr,drawer,,N,M,P,,GPC,fusser13
cym,drosleisio,2,trosleisio,dub,,V,,,INFIN,GPC,roberts1
cym,drosor,1,,,,,,,,error - put & in front of it and deleted gloss,fusser5
,,,,,,,,,,,
cym,drosta,5,dros,over,,PREP,,S,,1S,"davies2,fusser15,robert3,roberts3,stammers5"
cym,drugaredd,1,trugaredd,mercy,,N,MF,S,,,fusser13
cym,drwadd,9,trwodd,through,,ADV,,,,the -a- variant isn't in GPC,"davies11,fusser10,fusser13,fusser18,fusser26,fusser28,fusser30,fusser7,roberts1"
cym,drwnc,1,trwnc,trunk,,N,M,S,,GPC,fusser17
cym,drwyddyn,1,trwy,through,,PREP,,P,,3P,fusser32
cym,dryca,2,drwg,bad,,ADJ,,,,SUP,robert8
cym,drysorydd,2,trysorydd,treasurer,,N,M,S,,,"fusser10,stammers1"
cym,dryw,1,dryw,wren,,N,MF,S,,,robert8
,,,,,,,,,,,
,,,,,,,,,,,
cym,duwcs,40,duwcs,gosh,,IM,,,,GPC,"davies10,davies11,davies14,fusser11,fusser30,fusser8,fusser9,robert5,robert7,roberts1,roberts2"
,,,,,,,,,,,
cym,dwch,9,dweud,say,,V,,P,IMPER,2P,"fusser11,fusser4,fusser8,robert8"
cym,d?ed,1,,,,,,,,"changed to ""dwed"" as there is no sign of a long ""?""",stammers9
cym,dwedaist,2,dweud,say,,V,,S,PAST,2S,fusser14
cym,dwedwch,3,dweud,say,,V,,P,IMPER/NONPAST,2P,fusser17
cym,dwigiodd,1,twigio,understand,,V,,S,PAST,3S; GPC,robert7
,,,,,,,,,,,
cym,dwmffat,1,twmffat,funnel,,N,MF,S,,GPC,fusser9
cym,dwrw,3,twrw,noise,,N,M,S,,GPC,"fusser11,fusser19"
,,,,,,,,,,,
,,,,,,,,,,,
,,,,,,,,,,,
,,,,,,,,,,,
cym,dwym,1,twym,warm,,ADJ,,,,,fusser3
cym,dwythaf,1,dwytha,last,,ADJ,,,,GyA,fusser27
cym,dydach,8,bod,be,,V,,P,PRES,be.2PL.PRES.NEG,"davies10,davies3,fusser10,fusser15,fusser19,fusser23,fusser26"
cym,dydan,26,bod,be,,V,,P,PRES,be.1PL.PRES.NEG,"davies16,davies17,davies2,davies5,fusser14,fusser15,fusser19,fusser32,fusser4,fusser6,fusser8,robert9,stammers2,stammers3,stammers4,stammers5,stammers6,stammers9"
cym,dyddyn,5,tyddyn,cottage,,N,M,S,,,"davies10,fusser11,fusser9"
cym,dyfe,2,dyfe,isn't_it,,TAG,,,,listed in doc file,"davies1,robert1"
cym,dyfrliw,1,dyfrliw,watercolour,,N,M,S,,GPC,fusser12
cym,dyla,14,dylu,should,,V,,S,COND,12S,"davies16,fusser21,fusser32,roberts4,smith1,stammers3"
cym,dylat,1,dylu,should,,V,,S,COND,2S,davies16
cym,dylia,3,dylu,,,V,,2,COND,"should.2S.CONDIT ""dylia chdi""",davies2
cym,dylian,2,dylu,should,,V,,P,COND,13P,fusser15
cym,dylsan,4,dylu,should,,V,,P,COND,13P,"davies13,fusser19"
cym,dylswn,3,dylu,should,,V,,S,COND,1S,"fusser30,roberts4,stammers7"
cym,dynn,6,tynn,tight,,ADJ,,,,,"davies14,fusser11,fusser30,fusser4,stammers6"
cym,dyny,1,,,,,,,,can't fin this in the transcription - maybe changed already?,fusser3
cym,dyweddio,1,,,,,,,,"changed to ""dyweddïo""",davies12
cym,dyweddïo,1,dyweddïo,become_engaged,,V,,,INFIN,GPC,davies12
cym,e_bostio,13,e_bostio,e_mail,,V,,,INFIN,http://www.geiriadur.net,"davies4,fusser10,fusser27,fusser5,roberts4,stammers7"
cym,e_bosto,1,e_bostio,e_mail,,V,,,INFIN,,robert1
cym,e_bosts,1,e_bost,e_mail,,N,M,P,,form not found in dictionaries,fusser22
cym,e_byst,1,e_bost,e_mail,,N,M,P,,http://www.geiriadur.net,fusser30
cym,ecoleg,1,ecoleg,ecology,,N,F,S,,GPC,fusser9
cym,edrau,1,,,,,,,,"error for ""edau""",fusser13
cym,efail,1,gefail,smithy,,N,F,S,,,fusser23
,,,,,,,,,,,
cym,efengylaidd,1,efengylaidd,evangelical,,ADJ,,,,GPC,fusser5
cym,efô,1,efô,he,,PRON,M,S,,3S; GPC,fusser9
cym,eglwyswr,1,eglwyswr,church_goer,,N,M,S,,,fusser23
cym,eglwyswraig,1,eglwyswraig,church_goer,,N,F,S,,,fusser23
cym&eng,acoeliac,1,,,,,,,,"error for ""coeliac""",stammers6
,,,,,,,,,,,
,,,,,,,,,,,
cym&eng,a_ha,2,,,,,,,,"changed to ""aha""",davies14
cym&eng,aha,2,aha,aha,,IM,,,,GPC,davies14
cym&eng,alcopop,1,alcopop,alcopop,,N,M,S,,GPC,davies6
cym&eng,antiobitic,1,,,,,,,,"typo - chaned to ""antibiotic""",davies14
,,,,,,,,,,,
cym&eng,au_pair,1,au_pair,au_pair,,N,F,S,,(odd) entry in GyA,davies4
,,,,,,,,,,,
,,,,,,,,,,,
cym&eng,barbecues,3,barbecue,barbecue,,N,M,P,,"GyA has sg, no mention of pl","davies13,fusser27"
cym&eng,barties,1,party,party,,N,M,P,,,fusser5
cym&eng,batches,2,patch,patch,,N,MF,P,,GPC,fusser8
cym&eng,bible,2,,,,,,,,"changed to ""Bible""",fusser8
cym&eng,Bible,2,Bible,Bible,,N,M,S,,,fusser8
cym&eng,bictures,3,picture,picture,,N,M,P,,,"fusser10,fusser8"
cym&eng,bikes,6,bike,bike,,N,M,P,,,"fusser11,fusser4,roberts4"
cym&eng,bikinis,3,bikini,bikini,,N,M,P,,GyA,fusser30
cym&eng,biro,1,biro,biro,,N,MF,S,,GyA,smith1
,,,,,,,,,,,
,,,,,,,,,,,
,,,,,,,,,,,
,,,,,,,,,,,
cym&eng,boxes,5,box,box,,N,M,P,,,"fusser28,fusser32,fusser5,robert2,roberts4"
cym&eng,breed,1,breed,breed,,N,M,S,,,stammers9
cym&eng,breeds,1,,,,,,,,"have changed to ""eng"" as dictionaries don't give plural ""brids"" for Welsh",davies4
,,,,,,,,,,,
,,,,,,,,,,,
cym&eng,cael,1,,,,,,,,changed to @cym,fusser21
,,,,,,,,,,,
cym&eng,cafe,21,cafe,cafe,,N,M,S,,GPC,"davies10,davies11,davies7,fusser10,fusser14,fusser16,fusser23,fusser6,roberts2"
cym&eng,café,2,,,,,,,,"changed to ""cafe"" to conform with the other instances in the corpus",fusser21
cym&eng,cafes,6,cafe,cafe,,N,M,P,,GPC,"fusser14,fusser16,fusser19"
cym&eng,cases,2,,,,,,,,characters'; haven't found any trace of it in Welsh dictionaries and therefore changed the tag to @eng,fusser6
,,,,,,,,,,,
cym&eng,c_c,1,,,,,,,,"typo: changed to ""c_d""",fusser5
cym&eng,cd_rom,1,cd_rom,cd_rom,,N,M,S,,,fusser32
cym&eng,celsius,1,,,,,,,,"changed to ""Celsius""",fusser32
cym&eng,Celsius,1,Celsius,Celsius,,ADJ,,,,GyA,fusser32
cym&eng,certificates,1,certificate,certificate,,N,F,P,,GPC,fusser28
cym&eng,chances,1,chance,chance,,N,MF,P,,GPC,fusser31
cym&eng,chemo,1,chemo,chemo,,N,M,S,,,fusser32
cym&eng,cheques,2,cheque,cheque,,N,F,P,,GPC,"fusser21,fusser28"
cym&eng,chinee,1,,,,,,,,"changed to ""Chinese@eng""",robert3
cym&eng,chocolates,4,,,,,,,,neither GPC nor GyA have the -s plural for Welsh => changed to @eng,davies13
eng,chocolates,4,chocolate,chocolate,,N,M,P,,neither GPC nor GyA have the -s plural for Welsh => changed to @eng,davies13
,,,,,,,,,,,
cym&eng,cigarettes,1,cigarette,cigarette,,N,F,S,,plural in GPC,davies4
cym&eng,clip_art,2,,,,,,,,"haven't found this as Welsh, on the contrary, www.geiriadur.net has it as ""cliplun"", so have changed it to ""clip art"" @eng",fusser8
cym&eng,cloves,1,clove,clove,,N,MF,P,,GyA,stammers6
cym&eng,clwb,1,,,,,,,,"changed to ""@cym"" as he clearly pronounces it ""clwb""",fusser5
cym,clwb,1,clwb,club,,N,M,S,,,fusser5
,,,,,,,,,,,
,,,,,,,,,,,
cym&eng,costumes,6,costume,costume,,N,F,P,,GyA,"fusser14,fusser7,stammers6"
cym&eng,crem,2,crem,crematorium,,N,M,S,,"""crem"" not in dictionaries, ""crematoriwm"" in GyA",deuchar1
cym&eng,crevasses,3,,,,,,,,"I haven't found any record of this of Welsh, so have changed the language tag to @eng",fusser17
,,,,,,,,,,,
cym&eng,cufflinks,4,cufflink,cufflink,,N,MF,S,,GyA,"lloyd1,robert1"
cym&eng,curo,1,,,,,,,,changed to @cym,roberts1
,,,,,,,,,,,
cym&eng,d,1,d,d,,N,M?,S,,letter,fusser30
cym&eng,dâp,1,,,,,,,,changed to @cym,robert2
cym&eng,databases,1,,,,,,,,changed to @eng,davies15
eng,databases,1,database,database,,N,,P,,,davies15
,,,,,,,,,,,
cym&eng,ddetectives,1,detective,detective,,N,M,P,,GPC,roberts3
cym&eng,deadlines,1,deadline,deadline,,M,F,P,,GyA,roberts2
cym&eng,deddy_bears,1,teddy_bear,teddy_bear,,N,M,P,,"GPC ""tedi-bêr""",fusser26
cym&eng,diles,3,tile,tile,,N,F,P,,GPC,"fusser17,fusser28"
,,,,,,,,,,,
,,,,,,,,,,,
cym&eng,d_v_d,1,d_v_d,d_v_d,,N,M,S,,,fusser27
cym&eng,d_v_ds,2,d_v_d,d_v_d,,N,M,P,,,davies14
,,,,,,,,,,,
,,,,,,,,,,,
,,,,,,,,,,,
cym&eng,euros,1,euro,euro,,N,M,P,,"GyA has ""iwro""",davies2
,,,,,,,,,,,
,,,,,,,,,,,
,,,,,,,,,,,
cym&eng,fangoes,1,mango,mango,,N,M,P,,GyA,stammers6
cym&eng,fates,1,mate,mate,,N,M,P,,plural in GPC,davies4
cym&eng,fforest,1,,,,,,,,"changed to ""forest""",fusser26
cym&eng,figures,3,figure,figure,,N,MF,P,,GPC,"robert6,robert8,robert9"
cym&eng,fikes,1,bike,bike,,N,M,P,,,fusser5
cym&eng,files,5,file,file,,N,F,P,,,"fusser25,fusser29,fusser8,robert9"
cym&eng,fince_pies,1,mince_pie,mince_pie,,N,F,P,,GPC,fusser9
cym&eng,fines,3,fine,fine,,N,F,P,,GPC,robert7
,,,,,,,,,,,
cym&eng,fling,2,fling,fling,,,,,,GPC,"fusser7,stammers3"
cym&eng,flip_flops,1,flip_flop,flip_flop,,N,F,P,,GyA,davies12
cym&eng,frames,1,,,,,,,,changed to @eng,robert5
cym&eng,freed,1,breed,breed,,N,M,S,,,davies11
cym&eng,full_pelt,1,full_pelt,full_pelt,,ADV,,,,"GPC ""ffwl-pelt""",davies1
cym&eng,gafe,4,cafe,cafe,,N,M,S,,,"davies10,davies11,fusser14,fusser16"
,,,,,,,,,,,
cym&eng,games,20,game,game,,N,F,P,,,"davies14,davies16,davies3,davies5,fusser10,fusser11,robert3,robert4,stammers7"
cym&eng,garages,5,garage,garage,,N,MF,P,,GPC,fusser11
cym&eng,gick,1,kick,kick,,N,F,S,,GyA,lloyd1
,,,,,,,,,,,
cym&eng,giraffes,5,,,,,,,,"dictionaries don't mention teh -s plural for Welsh, does have changed the tag to @eng",fusser6
cym&eng,golesterol,2,cholesterol,cholesterol,,N,M,S,,GyA,robert8
cym&eng,golwg,1,,,,,,,,changed tag to @cym,fusser10
,,,,,,,,,,,
cym&eng,guarter,1,quarter,quarter,,N,M,S,,,fusser3
,,,,,,,,,,,
,,,,,,,,,,,
eng,african,3,,,,,,,,,"davies11,robert5"
eng,ages,19,,,,,,,,,"davies12,davies2,davies3,davies5,fusser25,robert1,robert3,robert4,stammers6"
eng,agreed,2,,,,,,,,,fusser22
eng,air_filter,1,,,,,,,,,fusser11
eng,all_inclusive,2,,,,,,,,,robert3
eng,all_in_one,1,,,,,,,,,davies3
eng,amazed,1,,,,,,,,,roberts3
eng,amazing,17,,,,,,,,,"davies12,davies13,davies16,davies2,davies3,davies4,davies9,fusser6,robert4,roberts1,roberts4,stammers5"
eng,american,2,,,,,,,,,"fusser22,fusser29"
eng,answerphone,1,,,,,,,,,fusser28
eng,anti_Jewish,1,,,,,,,,,davies6
eng,armed,1,,,,,,,,,fusser6
eng,arty_farty,1,,,,,,,,,stammers3
eng,a_s,2,,,,,,,,,fusser27
eng,a_s_a_p,4,,,,,,,,,"fusser21,robert1,stammers6"
eng,awkward_o,1,,,,,,,,,stammers5
eng,babysitters,1,,,,,,,,,fusser27
eng,backerboards,2,,,,,,,,,fusser28
eng,back_pack,1,,,,,,,,,fusser6
eng,back_to_back,1,,,,,,,,,roberts1
eng,baddies,1,,,,,,,,,roberts1
eng,bage,1,,,,,,,,,davies6
eng,ballgown,2,,,,,,,,,fusser27
eng,balls_ups,1,,,,,,,,,stammers6
eng,b_and_b,1,,,,,,,,,fusser6
eng,banelling,1,,,,,,,,,roberts2
eng,baptist,1,,,,,,,,,fusser23
eng,barbie,1,,,,,,,,,davies13
eng,barbies,1,,,,,,,,,davies13
eng,barcode,1,,,,,,,,,davies13
eng,bashers,1,,,,,,,,,fusser30
eng,baubles,3,,,,,,,,,"deuchar1,fusser3"
eng,bed_and_breakfast,1,,,,,,,,,robert8
eng,bedded,1,,,,,,,,,davies6
eng,bedroomed,1,,,,,,,,,fusser29
eng,bedsit,1,,,,,,,,,stammers3
eng,beings,1,,,,,,,,,fusser19
eng,belgian,2,,,,,,,,,robert5
eng,best_man,1,,,,,,,,,stammers7
eng,bitches,1,,,,,,,,,robert7
eng,blockbustery,1,,,,,,,,,fusser27
eng,blotches,1,,,,,,,,,robert3
eng,blow_out,1,,,,,,,,,stammers7
eng,blow_up,1,,,,,,,,,deuchar1
eng,bohemian,1,,,,,,,,,fusser22
eng,bollockings,1,,,,,,,,,davies3
eng,bombing,1,,,,,,,,,fusser12
eng,bombings,1,,,,,,,,,stammers7
eng,bottles,1,,,,,,,,,lloyd1
eng,bowling,1,,,,,,,,,robert7
eng,box_office,1,,,,,,,,,roberts1
eng,box_room,1,,,,,,,,,stammers3
eng,boxy,1,,,,,,,,,fusser12
eng,brain_wave,3,,,,,,,,,"davies5,fusser13"
eng,breathing,1,,,,,,,,,lloyd1
eng,breeding,1,,,,,,,,,fusser11
eng,brima,1,,,,,,,,,roberts3
eng,budging,1,,,,,,,,,roberts4
eng,building,3,,,,,,,,,"davies16,fusser15,fusser27"
eng,build_up,1,,,,,,,,,stammers3
eng,bumhole,2,,,,,,,,,davies16
eng,bunk_bed,1,,,,,,,,,fusser29
eng,burned,1,,,,,,,,,fusser25
eng,burning,1,,,,,,,,,davies12
eng,bye_bye,1,,,,,,,,,fusser28
eng,by_pass,1,,,,,,,,,davies11
eng,c,2,,,,,,,,,"davies11,davies5"
eng,call_box,1,,,,,,,,,fusser26
eng,call_boxes,1,,,,,,,,,fusser26
eng,call_off,5,,,,,,,,,fusser15
eng,camcorder,1,,,,,,,,,davies3
eng,cancelled,1,,,,,,,,,davies3
eng,care_taker,2,,,,,,,,,fusser16
eng,car_park,3,,,,,,,,,"fusser21,robert3,robert4"
eng,case_load,1,,,,,,,,,stammers3
eng,cash_in,2,,,,,,,,,roberts1
eng,c_c,4,,,,,,,,,robert3
eng,c_d,10,,,,,,,,,"davies3,davies9,fusser14,fusser5,robert5,stammers5"
eng,c_ds,13,,,,,,,,,"fusser25,fusser31,fusser5"
eng,ceiling,3,,,,,,,,,"fusser29,fusser7,stammers3"
eng,chainsaw,4,,,,,,,,,davies16
eng,chav,6,,,,,,,,,"davies12,robert3"
eng,chavette,1,,,,,,,,,davies12
eng,chavs,3,,,,,,,,,"davies12,robert3"
eng,chdi,1,,,,,,,,,stammers6
eng,chewing_gum,2,,,,,,,,,"davies4,fusser27"
eng,chinese,2,,,,,,,,,"davies15,davies4"
eng,choc_a_bloc,1,,,,,,,,,fusser6
eng,chocoholic,1,,,,,,,,,fusser19
eng,chomputer,1,,,,,,,,,fusser8
eng,chuffed,1,,,,,,,,,fusser13
eng,circles,1,,,,,,,,,robert3
eng,clearings,1,,,,,,,,,fusser26
eng,clip_ons,1,,,,,,,,,robert9
eng,c'mon,5,,,,,,,,"This is tagged ""cym&eng"" elsewhere","davies12,davies15,fusser30,robert7"
eng,common_room,1,,,,,,,,,davies12
eng,common_sense,3,,,,,,,,,"davies5,fusser11"
eng,concerned,1,,,,,,,,,robert4
eng,confirmed,2,,,,,,,,,fusser22
eng,controlling,1,,,,,,,,,robert6
eng,counselling,1,,,,,,,,,fusser29
eng,counter_cultural,1,,,,,,,,,davies17
eng,counter_tops,1,,,,,,,,,fusser28
eng,coursework,2,,,,,,,,,"davies16,stammers6"
eng,cous_cous,2,,,,,,,,,stammers6
eng,covings,1,,,,,,,,,stammers5
eng,craic,1,,,,,,,,,davies4
eng,crammed,3,,,,,,,,,fusser15
eng,crappy,1,,,,,,,,,robert3
eng,cravings,1,,,,,,,,,fusser19
eng,cross_country,2,,,,,,,,,roberts2
eng,crosshair,1,,,,,,,,,davies16
eng,cross_over,1,,,,,,,,,robert4
eng,crowned,1,,,,,,,,,davies6
eng,crutches,2,,,,,,,,,roberts4
eng,cufflinks,1,,,,,,,,,lloyd1
eng,cuttings,1,,,,,,,,,robert5
eng,cycling,1,,,,,,,,,lloyd1
eng,dalec,1,,,,,,,,,davies17
eng,dangent,1,,,,,,,,,fusser9
eng,darling,1,,,,,,,,,stammers6
eng,database,1,,,,,,,,,fusser32
eng,day_time_T_V,1,,,,,,,,,davies3
eng,daywear,1,,,,,,,,,fusser27
eng,ddate,1,,,,,,,,,lloyd1
eng,ddistinction,1,,,,,,,,,davies3
eng,ddistorted,1,,,,,,,,,robert9
eng,ddown,1,,,,,,,,,davies16
eng,ddrink,4,,,,,,,,,"davies15,davies4,fusser10,fusser29"
eng,ddrinks,2,,,,,,,,,davies1
eng,ddrug,1,,,,,,,,,fusser19
eng,dead_end,1,,,,,,,,,stammers7
eng,dead_set,1,,,,,,,,,davies15
eng,deep_down,1,,,,,,,,,davies12
eng,defo,1,,,,,,,,,davies6
eng,déjà,1,,,,,,,,,davies5
eng,delighted,1,,,,,,,,,fusser23
eng,demperament,1,,,,,,,,,fusser11
eng,desk_top,2,,,,,,,,,fusser8
eng,detailed,1,,,,,,,,,davies5
eng,dew_claw,1,,,,,,,,,fusser9
eng,dexts,1,,,,,,,,,stammers6
eng,dexture,1,,,,,,,,,fusser8
eng,dietician,1,,,,,,,,,stammers8
eng,dieting,1,,,,,,,,,stammers6
eng,dinner_party,1,,,,,,,,,stammers3
eng,disabled,1,,,,,,,,,deuchar1
eng,disciplined,1,,,,,,,,,fusser22
eng,disposables,1,,,,,,,,,davies12
eng,ditsy,1,,,,,,,,,fusser25
eng,divs,1,,,,,,,,,fusser5
eng,d_i_y,2,,,,,,,,,fusser15
eng,d_j,9,,,,,,,,,"davies12,davies3,robert1,roberts1"
eng,dreat,1,,,,,,,,,fusser16
eng,dressing_gown,1,,,,,,,,,davies1
eng,druggies,1,,,,,,,,,davies6
eng,drum_kit,5,,,,,,,,,fusser31
eng,dual_purpose,1,,,,,,,,,fusser11
eng,d_v_d,4,,,,,,,,,"davies13,roberts1,roberts4,stammers2"
eng,d_v_ds,1,,,,,,,,,fusser31
eng,dwat,2,,,,,,,,,davies6
eng,e,1,,,,,,,,,davies11
eng,ear_aches,1,,,,,,,,,robert8
eng,ear_pieces,1,,,,,,,,,robert4
eng,earrings,4,,,,,,,,,"davies13,davies2,lloyd1,robert9"
eng,eating,3,,,,,,,,,"davies13,fusser22,robert7"
eng,eclectus,1,,,,,,,,,davies11
eng,eejit,1,,,,,,,,,roberts1
eng,effing,1,,,,,,,,,davies12
eng,eighteen_twelve,1,,,,,,,,,davies9
eng,eighteen_twenty_seven,1,,,,,,,,,davies5
eng,eighty_five,2,,,,,,,,,"davies6,stammers3"
eng,eighty_three,1,,,,,,,,,robert4
eng,eighty_two,3,,,,,,,,,"fusser11,fusser25"
eng,e_mail,28,,,,,,,,,"davies12,davies15,fusser15,fusser22,fusser25,fusser31,fusser8,robert4,roberts4"
eng,emails,1,,,,,,,,,davies1
eng,e_mails,2,,,,,,,,,robert4
eng,english,1,,,,,,,,,robert3
eng,evening,1,,,,,,,,,fusser28
eng,eveningwear,1,,,,,,,,,fusser27
eng,expats,1,,,,,,,,,davies4
eng,expenses,1,,,,,,,,,davies4
eng,ex_police,1,,,,,,,,,fusser8
eng,fair_trade,1,,,,,,,,,davies12
eng,fajitas,1,,,,,,,,,stammers7
eng,family_tree,1,,,,,,,,,fusser8
eng,far_fetched,2,,,,,,,,,"davies3,robert4"
eng,farming,1,,,,,,,,,davies4
eng,fechanism,1,,,,,,,,,fusser19
eng,fed,1,,,,,,,,,fusser16
eng,feel_good,1,,,,,,,,,fusser22
eng,felt_tips,1,,,,,,,,,fusser18
eng,fifty_five,3,,,,,,,,,fusser3
eng,fifty_four,1,,,,,,,,,davies12
eng,fifty_three,1,,,,,,,,,roberts4
eng,fifty_two,1,,,,,,,,,davies12
eng,fileage,8,,,,,,,,,fusser11
eng,fire_brigade,2,,,,,,,,,smith1
eng,five_hundred,1,,,,,,,,,fusser27
eng,flexi,3,,,,,,,,,roberts3
eng,flourescent,1,,,,,,,,,fusser5
eng,flowy,1,,,,,,,,,fusser27
eng,fobile,1,,,,,,,,,stammers2
eng,fog_horn,1,,,,,,,,,roberts4
eng+cym,aim_ia,1,aim_io,aim,,V,,S,IMPER,2S,davies16
eng+cym,attract_ia,1,attract_io,attract,,V,,S,IMPER,2S,davies16
eng+cym,babysit_io,1,babysit_io,babysit,,V,,,INFIN,,fusser29
eng+cym,baptise_iad,2,baptise_iad,baptism,,N,M,S,,,davies14
eng+cym,blag_io,1,blag_io,blag,,V,,,INFIN,,fusser6
eng+cym,blob_yn,1,,,,,,,,"changed to ""blobyn"" @cym as is in new edition of GPC",davies10
cym,blobyn,1,blobyn,blob,,N,M,S,,is in new edition of GPC,davies10
cym&eng,blob,1,blob,blob,,N,M,S,,changed to to @cym&eng as is in new edition of GPC,davies10 (+others?)
eng+cym,breakdance_io,1,breakdance_io,breakdance,,V,,,INFIN,,fusser3
eng+cym,chainsaw_io,3,chainsaw_io,chainsaw,,V,,,INFIN,"Is there as English verb ""to chainsaw""??",davies16
eng+cym,cover_a,1,,,,,,,,"changed to ""cyfra"" @cym",davies16
cym,cyfra,1,cyfro,cover,,V,,S,IMPER,2S; in GPC,davies16
eng+cym,crash_odd,1,crash_o,crash,,V,,S,PAST,3S,fusser14
eng+cym,ddeclog_io,1,declog_io,declog,,V,,,INFIN,,fusser11
eng+cym,down_ia,2,down_io,down,,V,,S,IMPER,2S,davies16
eng+cym,download_io,12,download_io,download,,V,,,INFIN,,"davies12,davies15,davies5,fusser25,fusser29,fusser7,fusser8"
